Accuracy,Precision,Recall,F1-Score
0.7489728904161893,0.7599255321489475,0.745825022256422,0.7453754200618306
