Accuracy,Precision,Recall,F1-Score
0.4833002418225786,0.48851850718955736,0.4810081619264615,0.47479361664627184
