Accuracy,Precision,Recall,F1-Score
0.7913817826990794,0.7973065629627334,0.7848898097243364,0.7880076310347057
